first_name,last_name
Janaya,Attride
Valaree,Iacovolo
Dione,Bartosik
Donia,Barme
Tamarra,Usher
Keeley,Mayling
Aggie,Heaselgrave
Elroy,Carmel
Lawton,McGrath
Kinny,Relf
Antoine,Aldhous
Monti,Semmens
Anatol,Melia
Cassie,Regnard
Salaidh,Rubenczyk
Dana,Anning
Tawnya,Dumbar
Catlaina,Crummy
Barton,Rubinovitch
Bernardo,Runsey
Emlynne,Clapton
Batsheva,Wickliffe
Valerye,Falks
Wandie,Geldeford
Lisetta,Grouse
Carolyne,Cohane
Kaycee,Seago
Jock,Lovie
Paige,Westcar
Karon,Brenston
Decca,Gatrill
Anabelle,Handman
Clive,Beaglehole
Dasya,Worrell
Bary,Kop
Ardine,Stoodley
Danit,Sibthorpe
Grier,Kippen
Zeb,Sivior
Hannah,Ruppele
Caron,Fust
Konrad,Kyneton
Gloriane,Betke
Kelsi,Nisbith
Corabella,Lind
Freddi,Longhorn
Jozef,Drinnan
Worthy,Jirzik
Janka,Catterson
Egbert,Takkos
Howard,Eslie
Jacquette,Eddis
Darcy,Abramin
Katuscha,Maddrah
Louie,Cozens
Lynnette,Kirkwood
Caritta,Elbourne
Carry,Broom
Valry,Casel
Eziechiele,Mabbe
Camellia,Elstow
Nananne,Butlin
Leonardo,Cummings
Patience,Kitchenman
Norbert,Bovaird
Ira,Hugnet
Lexine,Grelik
Katie,Ilyenko
Lucien,Borrie
Ardenia,Scotchmoor
Bayard,Lambole
Cayla,McGookin
Annabelle,Giffkins
Kimberly,Kollasch
Agnesse,Towe
Charo,Guntrip
Ferrell,Eaglestone
Roselin,Lafranconi
Jdavie,Crop
Antonetta,Kliemann
Beckie,Blakeman
Ericha,Danis
Petronia,Enion
Eva,Charters
Herby,Burdus
Ronny,Morkham
Jim,Alsopp
Issy,Tytherton
Janene,Bleiman
Manolo,Richardt
Darcee,Pilling
Rafaelita,Whiteman
Cyb,Agney
Dari,Poulett
Lucy,Clash
Jacquie,Gabbitis
Bear,Epine
Cahra,Scrammage
Tomi,Seale
Mahmud,Morten
Germayne,Handrek
Peyton,Feckey
Kelsy,Tomley
Jdavie,Mil
Phylys,Gurry
Boony,Dreschler
Dorelia,Langfield
Yale,Guyonnet
Berkley,Schulze
Carmen,McGarvey
Enrico,Towson
Kent,Harken
Barb,Went
Justinn,Fasset
Emilie,Greason
Micaela,Keyden
Keith,Huxton
Dun,Brunet
Carney,Chamley
Krishnah,Brandel
Raphaela,Axe
Merrili,Fippe
Ingrim,Parysiak
Odetta,Hamsley
Bruis,Lamcken
Correy,Dibb
Johnnie,Stallibrass
Fowler,Beddon
Neils,Castagneri
Ceciley,Heynel
Horst,Matanin
Karl,Bernardotti
Homere,Cousens
Arlana,Abercromby
Lisetta,Yantsev
Matthieu,Barta
Tyson,Taffarello
Sara-ann,Urwin
Mattie,Vellden
Lisabeth,Teffrey
Amalita,Crees
Lane,Matteotti
Anatole,Kynd
Shelli,Speir
Bradney,Rubes
Pooh,Purtell
Gilbertine,Allgood
Tania,Skerrett
Saxon,Cantero
Mehetabel,Bussen
Clo,Gowland
Archibaldo,Bullion
Cross,Linde
Tris,Grievson
Lexis,Zupa
Franciska,Pedroli
Dennet,Czaple
Nikola,Bradbrook
Angel,Boise
Patrica,Chislett
Gillie,Kellogg
Minnaminnie,Waterhous
Erek,Kendall
Tim,Tillyer
Ellie,Collum
Allx,Paolillo
Milena,O'Sherrin
Winslow,Avis
Quint,Awde
Lemmy,Loan
Cyndi,Regina
Livy,Rough
Annemarie,Milroy
Georgi,Gilbard
Margo,Frayne
Ray,Napier
Kandy,Baumer
Ricard,Artin
Roderic,Croote
Petronille,Rivett
Ky,Letterese
Jewell,Barkway
Ambrosio,Whittleton
Valene,Carwithen
Ronna,Crowther
Tynan,Higgoe
Candy,O'Dreain
Doroteya,Meeron
Lucia,Wyon
Carroll,Keunemann
August,Lendon
Almira,Calverley
Amory,Hellcat
Abrahan,Meron
Evelyn,Odhams
Cristal,Billion
Reinaldos,Lewty
Shirleen,Kier
Anatol,Blofield
Irene,Scholer
